{"accuracy": 0.1941964328289032, "f1 score": 2.5323002338409424, "precision": 1.3154561519622803, "recall": 33.954925537109375}