{"accuracy": 0.1997767835855484, "f1 score": 2.606180191040039, "precision": 1.3562885522842407, "recall": 33.40269470214844}